{
    "pog": 50.84039616815641,
    "roger": 52.43612669887226,
    "roxy": 100,
    "Roxy": 100,
    "Cloudflare": 0,
    "cloudflare": 0,
    "rioger": 55.635052127455985,
    "test": 53.946711935799385,
    "ttet": 37.56374607987747
}}